text,label
lost password,44
does your system support multiple currency.,36
where can i find out how to transfer money into my account.,65
i checked the app and saw an extra cash withdrawal that i didn ' t authorize,20
when i got cash i believe that the exchange rate was wrong,76
can i top up using an international card,57
is there a way for me to check my balance?,70
i just got $ 20 when i tried to get $ 100,75
why does the atm continually decline my card? i ' ve tried multiple times on different machines with the same results. i thought i had enough,26
i ' m on vacation in europe but i desperately need to change my pin. can i do this from abroad?,21
can i use my social security card as a form of identity?,69
are there any restrictions to where i can use my card?,10
i ' m interested in learning more about product refunds.,52
i need my pin unlocked.,49
tell me why there is a charge on my cash withdrawl.,19
my card won ' t physically work.,14
my address has updated and i need to change it.,30
why is my card payment pending?,45
where do we mail the card?,43
can i pay with my card anywhere?,10
can you tell me if my top - up has been cancelled?,61
there is a fraudulent charge on my statement.,16
how long does it take for a transfer to arrive,66
i need several cards per day. and i need to be able to throw away all of the cards i make.,29
please help me to know the status of my card payment as its pending since a while.,45
how long will it take for a bank transfer to show up on my account? it ' s been a couple hours but i havnt,5
why do you require all my identity details?,74
what are the atms that will accept this card?,3
places i can use the card,10
i couldn ' t make a transfer,35
i think my card has been compromised in some way.,22
how many transactions can i do with my disposable card?,29
how can i fix this? there is a double charge on my account.,63
can i have a friend send money directly to me?,50
i couldnt transfer money from my account.,35
how long does a transfer transaction take?,67
what is the maximum for top - ups?,60
am i allowed to carry an additional card?,39
why was my transfer request decline?,27
i lost my phone and would like to freeze my accounts.,42
an atm fee was attached to my recent withdrawal.,19
my card was denied at an atm earlier today but the transaction is pending. please cancel it as i did not receive my money.,46
where do i go to add a new card?,13
would i be able to get a second card?,39
"there is an unexplained $ 1 charge on my statement, can you please explain this to me?",34
which atms accept this card?,3
what is the matter?,28
the top - up is pending.,47
why would my payment for my card show as pending?,45
the app reverted my action when i topped up.,61
i have a direct debit i didn ' t make,28
is there a way i can get my card expedited?,11
"hi, i ' m trying to by some crypto and the app isn ' t allowing it. i really want to exchange this, what",7
where can i top my card for free?,57
"i need to order a new card, mine is about to expire and i need to know how much it will cost and how long until",9
"my cash withdrawal was declined, why?",26
"out of the blue, my card stopped working.",14
"i got double charged from something, what can i do?",63
i received a fee i should not have.,15
what is not accepted in order for me to top up my account?,58
the exchange rate that was applied for an international purchase was wrong.,17
"hello, i ' d like to inform you of an issue i ' m currently experiencing. the goods i have ordered from your website have still",52
"i was overcharged at an atm while on vacation. i needed cash so i had to use it, but your charges are outrego",76
there is not a refund in my statement.,51
i was trying to purchase some crypto and the app won ' t allow me to do it. what ' s the deal with this?,7
"i got a card, how do i get it in the app?",13
when will it be delivered to the us?,12
can i only top - up digitally? or could i use cash?,58
can i use this card at any atm?,3
"i want to activate my card, how do i do it?",0
i made a purchase and it says it ' s pending. what does that mean?,45
how do you figure out the exchange rate? can you explain why i got less money than expected?,76
how do i speed up identity verification?,74
"oh my goodness, my card has been declined twice at atm! i tried two different atm, but each one declined my card! can you",26
i do not recognize a direct debit payment that i see on my app,28
can you tell me if my pop - up went through?,59
"my identity isn ' t being accepted, what should i do?",68
do you support all cards and currencies?,54
"i desperately need to change my pin, but i ' m overseas on vacation right now. how can i do this?",21
i think my top up was reversed.,61
a transaction to a friend still hasn ' t shown up.,66
"i attempted to complete a topup, and i thought all was well, but now the money is gone again. has there been a g",61
how about disposable virtual cards?,37
anytime i ' ve made an atm withdrawal before it has always been free. i now say that i have been charged for my most recent atm,19
"please help me, there is a transaction in the incorrect account.",8
my top - up is still pending,47
how many miles away is the atm?,3
how do i report my card as lost or stolen?,41
i did a topup successfully but its not showing in balance. i think there is some problem in system.,61
why hasn ' t arrived yet a transaction i did to my friend?,66
what reasons could cause my top up to be reverted,61
"i didn ' t want to make a transaction, i want to revert it",8
what fees are charged when i top up,57
i need to know what your exchange rates are.,32
please help me. i am still waiting on a refund.,51
i need to cancel my card. there are a few charges from a couple days ago that i didn ' t make. can i get credit,16
i ordered my card a couple weeks ago and haven ' t received it yet. when can i expect it?,12
can the card was sen to me be tracked?,11
can i give a second card to my daughter?,39
"i ' m pretty frustrated about a pound charge that keeps showing up in my account statement. it ' s listed in the app as "" pending",34
my card was frozen due to putting in the wrong pin too much. how many tries do i have,26
can i have a visa card?,73
why was there a fee for my transfer?,64
the disposable cards - what are they for?,37
why do i have two charges it should only be one charge?,63
how old do you need to be to use the banks services?,1
"it says "" pending payment? "" why is it saying this?",45
hello i changed my mind and want a refund on one of things i bought recently. can you please cancel the transaction and get me my,52
what is the process for getting an actual physical card?,43
after trying to update my account balance yesterday by cheque it doesn ' t seem to working. shouldn ' t the process be quicker? i,6
what time will a transfer from the us take?,67
why would i be charged more than once for the same transaction?,63
is it possible to give a second card from my account to my daughter?,39
what do i do with my card pin?,38
"i changed the currency, but why is it costing more?",17
how long does it take for something to be delivered to the u. s?,12
there is a pending payment on my account that is very strange. i don ' t remember making this and it won ' t go away.,34
i would like to know how exchange rates are calculated when transferring funds.,32
tell me why my card payment was declined.,25
i haven ' t received my card.,11
my money disappeared! please help??,61
i was wondering if international transfers take longer than normal because i made a transfer from france a couple of days ago and nothing has happened yet?,5
what should i do if i forgot my passcode?,44
where do i go to edit my personal details on my account?,30
why am i being charged to transfer funds?,64
why isn ' t my top up working using my saved american express in applepay?,2
is there an additional charge to exchange currencies?,31
what is the handling fee for transfer?,56
"i tried to get money out of the notting hill atm earlier, but wasn ' t able to. is my card working okay? it",26
i got a message that my transfer was declined.,27
please delete my account now.,55
"my card has been declined by two separate atm, and i ' m worried something is wrong with my account. would you please see if my",26
how will i receive my pin?,38
"hello, i have a pending transaction in my account due to an atm machine that wasn ' t working. in any case if the transaction goes",46
how do i add a card on to the app?,13
"i transferred money yesterday, but it still isn ' t available?",48
my account seems a bit off and getting weird charges.,63
"i received my american express in apple pay, is there a reason why top up is not working?",2
how can i get a disposable virtual card?,37
explain why i can ' t do a transfer to an account.,7
i made a deposit this morning but it is still pending?,6
what is the word?,28
top - up is not working,59
can i add money to my account with cash?,58
is my card usable anywhere?,10
what do i do since the machine swallowed my card. i need one.,18
how can i make my card active?,0
i ' d like to discuss an order i placed quite a long time ago. i have yet to receive it and am growing upset. i,52
i see a payment on my statement for a place i didn ' t make a purchase at.,16
top up not available in my wallet.,62
the machine only paid me a hundred when i wanted 20,75
cash withdrawal was incorrect at atm.,75
i need some spare physical cards.,39
will there be extra charges regarding to adding money into my international card?,57
can i change my pin without going to a bank branch?,21
why hasn ' t my top up gone through yet,47
i want to close my account & i will never do business with you again.,55
do i get to choose between visa and mastercard?,73
what are the steps for identity checks?,69
my throwaway virtual card won ' t work,72
the atm didn ' t give me enough money.,75
do i need to wait for my card before i get pin,38
i have young kids. can they use this service?,1
"i ' m waiting for a money transfer to show, still.",48
i made a cash withdraw and it shows up as pending why is that?,46
i have been charged a pound for something that appears on my statement,34
how old do you have to be to open an account?,1
how long does it take for a transfer to reach my account?,67
i attempted to withdraw some money from an atm this morning and received the wrong amount. your app says i have enough money available in the account,75
i was charged extra. was the exchange rate for my payment last saturday wrong?,17
why hasn ' t my payment shown up yet?,45
how does a virtual card work,37
can i use american express?,54
can i get money in my home currency at some atm? i ' m on holiday and am a bit concerned because i don ' t have,76
"hello, i am a college student who i recently attended my high school reunion at a local restaurant. i paid with my credit card and now",63
can you walk me through how i can edit some of my personal information?,30
i want to add money automatically when i travel.,4
what is the procedure of unblocking my pin?,49
i ' m trying to purchase a flat but i need my first payment for my mortgage to go through first. i keep getting an error.,35
do you know how i can verify that i did a top - up to my card?,71
i bought something and already paid for it but now i don ' t see it.,53
what caused my top up to be reverted?,61
how long will it take for my cash withdrawal to no longer show as pending?,46
"i want to add money to my international card, so are there any fees charged to do this?",57
why was i charged for getting cash?,19
can i exchange currencies usign this app?,33
is it possible for a person who lives in the us to get a card?,24
"more than one time this week, i have been charged more than once for the same transaction. please correct the issue and refund the duplicate",63
what fees apply when using a card?,15
how do i deal with a stolen card?,41
how long should a cheque deposit take to show? my account hasn ' t updated and i want to make sure everything is okay.,6
what are the fiat currencies used?,36
for some reason i forgot the passcode i have.,44
"i have lost my card, but need to place an online order! how do i get a virtual card instantly?",40
i have moved. where can i update my details?,30
somebody stole my wallet and is using my card! can you do something so they can ' t keep taking my money?,20
what are the reasons to be charged a fee on card payments?,15
how do i change my details?,30
someone else used my card to withdraw cash from an atm,20
i ' ve deposited a check in my account but the cash isn ' t showing as available.,6
why was there an extra charge with the withdrawal of my money?,19
i withdraw cash from the atm and was charged a fee,19
"which card would i get, visa or mastercard?",73
when will my top - up be completed?,47
"there must have been a mistake, why was i charged an extra pound?",34
can i check to see where the funds came from?,70
how long does a top - up take to go through?,47
how do i verify my top up?,71
i requested a higher amount for my cash withdrawal,75
how do the cards work?,37
does every place of business accept this card?,10
do i receive the physical card for free,43
what steps do i need to take to exchange currencies?,33
how do i query a payment on my card? it looks like i have paid for the same thing twice.,63
help me. there is a direct debit that i didn ' t make.,28
do you ship cards to where i live?,43
is using my card free?,15
how long will my payment be pending?,45
i want to transfer money from another account into this one.,65
i got mugged yesterday and can ' t use the app.,42
i ' d like to know what you guys look at to decide an exchange rate,32
recipient has not received the money,66
do i need any kind of proof for the identity check?,69
what do i do if it says my card payment has been cancelled?,53
are us credit cards accepted?,54
is there a fee for topping off a us card?,57
"in the app, i see a withdrawal i didn ' t make.",20
i topped up but it isn ' t in my account,47
"for my account, how do i transfer money in?",65
how much does it cost to us us cards?,57
"what currencies can i not hold many in, if so what are they?",36
why is there a pending time on my transfer?,48
"there are transactions that i don ' t remember making, i think someone might have gotten my card details and is now using it.",22
how did you arrive at the rate of exchange? i thought that i would get more cash.,76
the exchange rate applied is wrong for my international purchase.,17
atm only gave me $ 20 instead of $ 100,75
where are the cards delivered to,43
my cash withdrawal was short.,75
do you have an auto - top function and how do i use it if so?,4
how do i cancel a previous purchase,52
how do i go about unlocking a pin?,49
my top - up never worked,59
is my fiat currency supported for both hold and exchange?,36
what is the charge for paying with my card?,15
how many days do i have to wait for the transfer to reach my account?,67
is my credit card supported for top - ups?,54
how do i use my card if i lost my phone?,42
what can i do if i got my american express in apple bay but top up is not working?,2
i can ' t use my card because it is not working.,14
when does the rate get determined,32
why isn ' t my transfer not going through? i keep getting an error message.,7
why do you have the identity check,74
how to get new card?,23
explain top - up cancellation,61
what would i be charged in receiving a sepa transfer?,56
how can i get my google pay top up to work?,2
i think there ' s a purchase at a store that i didn ' t go to.,16
i left my phone at the hotel i was staying at so i can ' t use the app!,42
"it ' s been two weeks, why has the transaction for $ 1. 00 not been reversed?",34
i think i deserve a refunded on a certain item.,52
how do i get an actual card?,43
my passcode doesn ' t work,44
i ' m using the app and i noticed a payment that i didn ' t make.,16
i broke my card,14
i would like to top up with check,58
why can ' t i add any beneficiary i choose?,7
"there seems to be an additional charge of £1 on my statement, what is the reason for this?",34
my money transfer hasn ' t appeared yet.,48
how can i go about ordering a virtual card?,40
heyy i tried to top up with my card today but it failed! i just got the couple days before but it has worked last time,59
what does it mean if it says my card payment has been cancelled?,53
my payment did not go through because the app reverted it,53
i used foreign currency to buy something and i think the rate applied is incorrect.,17
i received my card. how do i link it to the app?,13
"i was just shopping and my payment was declined in a store! it was very embarrassing, what is going on and when will it be fixed",25
my card payment has been pending for a long time now. why is it taking so long to take. it should have already made it through,45
something is wrong with my exchange rate charge,17
whats the exchange charge,31
when will my transfer process?,5
would you be so kind as to activate my card? thanks,0
what do the disposable cards do?,37
what are the benefits of a disposable card?,37
what is a pending cash withdrawal?,46
can i change my pin at a nearby atm when in spain? i think someone saw my pin and i need to change it but am on,21
i went to do a transfer and it was declined.,27
"just received my replacement card, what steps do i need to take to activate it?",0
my payment didn ' t work and the money is in back in my account.,53
what do i have to do to get the virtual card to work?,72
can you tell me when the transfer will be completed?,48
"how do i freeze my bank card, as there has been a strange withdrawal?",20
"i bought something while traveling, and the exchange rate was wrong.",17
why is your exchange rate for my card payment wrong,17
is there supposed to be a fee for the transfer i made?,64
how do i receive more physical cards,39
i lost my password,44
how can i get a card sent to china?,9
why is the fee for taking money out so high? i feel i was overcharged and i would have never used this atm if i would,76
"if i lost my phone at the hotel, can i still use the app?",42
why did i get charged extra?,15
i submitted a transaction but it was for the incorrect account.,8
how do i order a new card before it expires?,9
what are the steps to getting a virtual card?,40
is a transfer to a beneficiary allowed?,7
i am still awaiting the completion of the transaction.,66
what currencies can i receive my salary in with this?,50
where do i pay with my debit or credit card?,10
the exchange rate was wrong?,76
i just got this card & i don ' t know how to activate it.,0
i tried my pin too many times and now my card won ' t work!,49
is there a limit to how much i can top up?,60
why can ' t i transfer money to a beneficiary,7
i shouldn ' t be charged any fee for transferring.,64
"hi i ' ve been trying to top up my card for the past day but it gets declined, i need it topped up urgently! can",59
need help with a stolen card.,41
what should i do if the passcode doesn ' t work for me?,44
can my 8 year old grandson open an account at the bank?,1
cash from this morning has not deposited,6
"my new card just arrived, how can i activate it?",0
i have a duplicate payment on my account,63
i just saw a fee on my account. when do these get charged?,15
what currencies do you accept for adding money?,54
how long will my cash withdrawal be pending for?,46
i ' ve tried numerous times to submit a transfer of funds. why isn ' t it going through?,7
the atm isn ' t giving out any money.,26
what ' s the reason for needing to verify my identity?,74
if i exchange currencies on a frequent basis can i receive a discount?,31
"i want to close an account but im not sure about setting up a new one in the future, what do you recommend",55
how do i troubleshoot when contactless doesn ' t work?,23
"extra fees on a cash withdrawal, not cool.",19
how can i choose between visa and mastercard?,73
how long does it take for a transfer to get to a recipient?,66
"i ' ve got a problem - i bought something with my card one or two weeks ago, but now exact same amount of the purchase is",53
will i be charged any fees if i want to add money with an international card?,57
my pin hasn ' t arrived in the post! how do i cancel it or get a new one?,38
"i just got a card, how can i add it to the app?",13
how do i make my transfer go through,27
where do my fund come from?,70
i made a payment but it was returned.,53
can i make transfers before identity verification?,74
how can i hold and exchange fiat currencies?,36
i didn ' t set up the direct debit i have,28
i want to close my account,55
i need to make several disposable cards per day.,29
i was charged a fee for using my card. can i check that in any way? it seems like there are occasions that i am charge,15
how can i find your exchange rates?,32
am i supposed to verify my identity?,74
which documents do i need for this identity check?,69
i bought something that i need a refund for.,52
my atm transaction was cancelled.,26
i do not know where the transaction is.,66
i attempted to top up my account but it ' s been frozen in a pending state for well over an hour now! is this normal?,47
what are eligible holding and exchange currencies?,36
i ' ve made a transfer from france two days ago but i was wondering if international transfers take longer to arrive because it hasn ' t made,5
"can i use my account now, even though my identity verification has not gone through yet?",74
why is my atm cash withdrawal not working?,26
what locations can i top up with cash?,58
my card is almost expired. how fast will i get a new one and what is the cost?,9
i think there ' s been an unauthorized cash withdrawal from my account.,20
what do i do if my card is stolen?,41
"if i see a payment in the app that i don ' t recognize, what should i do?",16
will i get a curreng foreign exchange rate?,32
can i dispute a debit payment that i am seeing that i didn ' t make from a couple of months ago?,28
why is there a charge on my account for taking out cash?,19
"your system is broken. my transfers keep failing, 5 times now.",35
how can i create many temporary cards daily?,29
how can i receive money from my friend?,50
how do i to up by card?,62
help me verify my identify?,68
how do i go about setting up an account for my daughter?,1
why do we need to verify a top - up card?,71
i ' ve been checking my statement to see if i ' ve received a refund i requested from a seller a while ago has arrived.,51
from what countries can i use an account?,24
can i use this app to exchange between dollars and pounds?,33
i transferred some money but the balance stayed the same.,5
"i tried to get money out of the notting hill atm earlier, but i wasn ' t able to get anything out. is there a",26
is there a fee for topping up a card?,57
is it possible to edit my personal details on the app?,30
will be apple watch be able to let me top up?,2
hello i have lost my phone and i ' m worried someone ' s going to steal money from me,42
why is there a payment i didn ' t do?,16
tell me how to verify a top up.,71
can you please advise if there is something wrong with my card? i have had multiple rejections and do not know the reason. thanks!,25
"someone has stolen my phone, what should i do?",42
how much time do transfers typically take? i sent money to a friend who needs it urgently. it ' s been hours and has not gone,66
why isn ' t my top - up going through?,47
"i might need aud instead of gbp, how to change?",33
how can i unlock the pin?,49
"as advised by you, i requested seller to refund my money. a week has passed but i haven ' t got any update from seller",51
can i add to my account balance with a cheque?,58
my card payment did not complete.,25
why am i charged a fee for using my card on some purchases?,15
why wasn ' t my payment to beneficiary x approved?,7
at what atm can i change my pin?,21
who should i talk to or go to resolve a duplicate charge on my statement?,63
what about a auto top - up?,4
my card is about to expire. how much does it cost to order a new one and how fast will i get it?,9
i accidentally put in the wrong pin too many times and now i need to unblock it. can you assist with this?,49
"who do i talk to, to cancel a transfer?",8
where ' s the money from my transfer from europe?,67
i have duplicated transactions on my statement,63
how can i switch on my new card?,0
what is identity check?,74
i can ' t find my card! what should i do?,41
what do i need to do to transfer money into my account?,65
card payment has be declined.,53
there is a payment showing on my app that i didn ' t do. will you please cancel this payment and refund my money?,28
what credit cards are supported?,54
there is an unauthorized payment in my statement.,16
why was my withdrawal requested cancelled by the atm?,26
do you offer auto top ups?,4
how many disposable cards is the limit?,29
someone besides me might be using my card.,22
i ' d prefer mastercard.,73
i didn ' t do a payment and i have it now.,16
what ' s taking my top - up so long?,47
is there a reason why my account isn ' t updating because i used a check to balance my account?,6
are there any reasons that my identity wouldn ' t be accepted even though everything i ' ve provided is factual?,68
what is the process to create a disposable virtual card?,37
"hearing about your verification results from us may take anywhere from 10 minutes to approximately one hour. if this verification has in fact, failed, double",68
i want to see what this fee is on my card payment.,15
"my transfer did not work, what was the reason?",35
can i have more than one disposable card?,29
my card was stolen and used to make several purchases. please freeze my card so no one can use it.,22
"i am missing some funds from my account - i tried to transfer them using my credit card number, and it disappeared.",62
i want my card i just received to show up in the app. how do i do that?,13
a transaction is showing more than once.,63
do you deal with eur?,36
how can i open an account for my children?,1
if my card payment isn ' t working what do i do?,25
how young can someone be in order to open an account?,1
where is the money i pushed it ' s on my mobile app as being withdrawn.,75
"please help me, as my topup amount has been reverted, i did it correctly. i think there is some defect in system.",61
the cash withdrawal i took seems to be off. the exchange rate is wrong.,76
"i attempted a transfer, but it failed.",35
there is a direct debit fee in the app that i didn ' t do.,28
what do i do? the atm took my card!,18
would i be charged for exchanging currencies?,31
why can ' t i see the top up i made?,62
do top - up limits exist?,60
"why did the person i transferred money to not receive the correct amount? what should i do to get them the right amount, do i have",64
what is the max amount of top - ups?,60
what do you need for the identity verification,69
are there restrictions for ordering extra cards?,39
where can i update my pin number?,21
"i made a transfer and according to the receiver "" they haven ' t received the right amount "" its lesser than it should be. now i",64
i contacted the seller for a direct refund last week but he still hasn ' t give me my money. what should i do?,51
will this card work at any atm?,3
can it be delivered by a specific date?,12
when i made a transfer i was charged extra.,64
what does my daughter need to open an account?,1
what do i do if the bank machine won ' t accept my pin attempts anymore?,49
can you look into my top up please. i made it over three hours ago and yet it ' s still pending.,47
i need some help now please! there are some transactions on my account that i do not remember purchasing. can they be reversed? can you,16
is there a reason my top - up has not gone through?,47
is there a way to transfer funds directly from my card?,62
help my activate my card.,0
can i use a transfer to receive my transfer?,50
which country ' s currency do you support?,36
are swift transfers supported?,56
do you send duplicate cards?,39
where can i withdrawal my money?,3
how long does it take for me to get my pin,38
may i choose between visa and mastercard?,73
why was i not able to get cash from the atm?,26
do i have to go somewhere to activate my card?,0
when i travel can it top up automatically,4
i have paid money into my account but it doesn ' t show.,6
"i noticed an extra $ 1 charge on my statement, can you tell me why that is?",34
please delete my account right now!,55
what currencies and cards do you support?,54
my top - up has failed.,59
what should i do with my stuck atm?,18
is eur one of the currencies you deal with?,36
the transfer to my beneficiary has not gone through,7
why is there an extra pound charge that is pending?,34
"i have a direct debit transaction i have not set up, but would like to.",28
i requested a refund directly from the seller but i still don ' t have it. i just want you to send me my money back,51
will there be a charge when money is added to my account?,56
i just have one additional card from the usa. do you support that?,54
can i get information on the identity checks?,69
how do i change the details in my account?,30
why was i charged a fee to transfer money?,64
i noticed that there is a withdrawal in the app that is not mine.,20
is my pending cash withdrawal processed?,46
i ' m checking my statements and i saw a purchase from a couple weeks ago that i don ' t recall at all. not only that,28
"needed gas, been delayed for half an hour. please fix it!",47
"hello, i noticed the money for an item i purchased online and have already received has been returned to my checking account. was there an issue",53
where are you getting your exchange rates from?,32
may i transfer a cheque into my account?,58
i am concerned that i am being doubled charged for several items purchased in the past week. please review my statement and correct.,63
my card is stuck inside the atm.,18
i ' m worried my card might be lost in the mail? how long does it usually take to arrive?,12
"i have tried everything to complete a transfer but can ' t, what should i do next",27
is my country supported,24
"the exchange rate given to me after a purchase, was incorrect",17
i ' d like to apply for a visa card.,73
my statement contained a one pound extra fee,34
i have a new phone number and need to edit my contact information.,30
where can cards be delivered?,43
i took out cash abroad and the exchange rate isn ' t correct.,76
i can ' t get my virtual card to work.,72
"help, i was charged twice!",63
do i need to set a limit on auto top - up?,4
"i ' m not happy, i want to close my account.",55
what fiat currencies are supported?,36
how can i process a refund for something i purchased?,52
my top - up hasn ' t happened yet.,47
can you tell me where to go to get a disposable virtual card?,37
can you tell me why my card is not working? i keep trying to use it but it keeps rejecting my payment. i am being careful,25
what is the greatest number of times that i can top - up?,60
i should have a refund in my statement but i can ' t see it,51
how can i access my account when i have lost my phone?,42
i forgot the code i need to get into the app.,44
can the card be mailed to europe?,24
help me to set up contactless payments.,23
why am i charged to get money from the atm?,19
please explain the fee on a transfer i made.,64
the refund i asked for isn ' t showing up,51
help me reset the passcode.,44
how much money can i top up?,60
i ' ve attempted to do a very standard transfer and have tried 5 times at this point. can you tell me what the issue is?,35
how do i fix my card if it is broken?,14
i was wondering how long does it take for a payment to go thru? it seems my last payment is stuck and hasn ' t moved.,45
can my daughter make an account?,1
i did not charge my account for that transaction. that ' s an error.,16
i wanted to top up my account and it doesn ' t look like it worked,59
please tell me why i was charged additionally when i used the card.,15
need help with my card. it ' s not working.,14
why was my payment declined? i keep trying my card but it ' s not working.,25
what kind of currencies can i use to add money?,54
my transfer says pending. what does that mean?,48
it doesn ' t let me verify my identity.,68
i think i was charged double for something i bought - how long should i wait before reporting this?,63
can you tell me why i was declined from getting cash?,26
why have i been charged more than once for the same transaction?,63
"if i am in china, can i still order a new card and if so, how?",9
do you support other currencies?,36
i don ' t see the top - up verification code anywhere,71
how can i cancel a transfer?,8
my card payment wasn ' t accepted.,25
"i needed to make a payment on my account, but i typed in the incorrect number. the app won ' t allow me to cancel this",8
"i topped up by card a while ago and it ' s still pending, surely it should be done by now?",47
could you send me and up date on the arrival of my card?,11
how to i go about getting my virtual card,40
the exchange rate for my withdrawal was wrong.,76
what does it cost to receive a sepa transfer?,56
what do i need to verify my id?,68
my card won ' t work.,14
how do i make an exchange from one currency to another?,33
there is a refund missing.,51
i was charged for using my card?,15
what do i need to bring for identification?,68
it seems i was overcharged when i used an atm while on vacation. if i knew about your fees in advance i sure would have gone,76
"i double checked that i have the correct account details already, they ' re right for sure. transfer is still pending since forever. it should",48
"if i need to cash foreign transfers, how does that work?",32
"i received a fee for obtaining cash, is this correct?",19
how long will this take to get to me?,12
i need to know why a money transfer is available.,48
how do i delete my account?,55
i found a direct debit i would like to dispute,28
i need a disposable virtual card. please tell me how to order one.,37
"i have the funds, why can i not use my top - up?",59
i do not understand what this particular direct debit is?,28
i have zero dollars in my account. can i submit additional funds via bank transfer?,65
has the check i deposited cleared to i can get the cash?,6
how do i get my card active?,0
do you support the eu?,24
why hasn ' t my transfer gone through,35
how do i add my card to the app once i get it?,13
do all businesses take this card?,10
how much would it cost me for a bank transfer to top up my account?,56
can you help me reset my password?,44
i have an unauthorized charge.,28
i wanted to purchase some crypto. the app will not let me. what ' s going on here? i really want to make this,7
who should i contact if my refund doesn ' t go through?,51
how can i top up using google pay?,2
are cards delivered to my location?,43
can i use the apple watch to make a top - up?,2
i had to pay a fee when buying items with my card.,15
i do not think the pop up went through yet.,47
i don ' t understand where this charge came from.,16
when will my transfer post to my account?,67
i recently deposited a cheque and cannot find the cash from it.,6
"i am not supposed to be charged a cash withdrawal fee, but i was.",19
why is my money not in my account. i have already sent it out.,6
i would like to cancel a transfer,8
i would like to pay by cheque.,58
why isn ' t my google pay top up working?,2
how long will it take for my transferred money to show up?,5
how do i set my physical card pin?,38
as my kids get older are they able to get set up with their own accounts?,1
i am not able to do contactless.,23
what is the expected delivery date of my card?,11
what are the steps of verifying an identity?,69
why isn ' t the transfer to my account showing up?,5
"hi, i have transferred money but beneficiary ' s account is credited with less amount. now i have transfer the difference of the",64
what is the charge to make a transfer,56
what age do my kids need to be to use your service?,1
is this card accepted by atms?,3
is my card activated?,0
i didn ' t get the correct amount of money from the atm machine,75
i did a transfer and i was charged a fee that shouldn ' t be there!,64
how do i transfer money between two of my accounts?,65
why did i get a fee for getting cash?,19
i would like to not have to do the identity verification.,74
can you tell me where to find top up by cash deposit?,58
the cash i deposited using the atm is still pending,46
i think the exchange rate is wrong for my atm withdrawal,76
is it possible to cancel my transfer?,8
what is delivery speed to the united states?,12
how many days does it take until funds are in my account?,67
what is the reason my transfer was declined?,27
what ' s the top up limit?,60
are there any extras for exchanging currency?,31
where am i able to use the card?,10
what are exchange rates,32
what is the present state of the exchange rate?,32
i need my funds verified.,70
how do i use a card to top up?,62
i was trying to make a transfer and got an error message telling me it was not possible to make the transfer. this has never happened before,7
where do i order a virtual card?,40
what does a ' pending payment ' mean?,45
how long do transfers from europe take?,67
there is a vendor name i don ' t recognize on a payment from my account. i don ' t think i made this payment.,16
if my card becomes expired what can i do?,9
what are the fees for using a european bank card?,57
"money was taken out without my consent,",20
"lost my phone, what is account security?",42
i didn ' t realize that there were any fees for withdrawing money from my account - - this has never happened to me before. what exactly,19
how many disposable cards are available per account?,29
"hey, i ' m buying a flat and i need my mortgage to go though. however, every time i check i get an error message",35
i made a transaction to the wrong account!,8
i tried to get some with - drawls but the machine didn ' t work. the transaction still seems in progress. seems like something is,46
where do my funds come from?,70
i need to add express delivery if that ' s an option,12
"about two days ago now, i made a transfer from france but it hasn ' t arrived yet. is it possible that the international transfer just",5
can i choose from either visa or mastercard?,73
"i just did a transfer, but don ' t see the money in my account. what ' s up?",67
"i must quickly transfer something from china, and i need to know how long it will take.",67
"when i look at my statement there is an extra fee, that is for what?",34
can you please refund my item?,52
i don ' t see me ' top up ' in my wallet,62
i want to return an item.,52
"can anyone help me, i lost my wallet and they ' ve started withdrawing from my account.",20
what is the point of verifying a top up?,71
i made a cash withdrawal earlier and it ' s showing as pending. what does that mean?,46
can i reactivate my card? i reported it lost and found it this morning in my jacket.,13
i ' m trying to make a bank transfer but it ' s not going through. could there not be enough funds to transfer or something?,35
do i have to verify my identity?,74
should i be seeing a fee applied for my money transfer?,64
i tried to charge my card but it was declined. a couple days ago i was able to charge it and it was accepted. is something,59
"i got less than what i asked for in the atm, why?",75
i looked on the app and it says i withdrew cash. i didn ' t!,20
"i need some money transferred asap, how long does the process take?",67
why has another fee been placed on my statement?,34
can you please check the exchange rate when i was getting cash?,76
are there any fiat currencies that you will not work with?,36
what to do if my card is about to expire?,9
i haven ' t been sent my new pin!,38
my bank transfer is still not showing up in my account.,5
i transferred some money but the receiver can ' t pick it up for some reason.,66
"someone is making transactions on my account, i think they took my card information.",22
what value can i get for my currency?,32
i have forgotten my passcode,44
can i verify my top - up card?,71
"i need to order a new virtual card, how do i do that?",40
please help me with my card. as i have tried to use my card in two different atms but repeatedly it was declining by atm.,26
why was my payment declined,25
where can i go to modify my detail?,30
why didn ' t my payment process,45
how do you fix my card payment?,25
how can i request cash back? the atm just gave me a different amount than what i ' ve been charged though...,75
what is the necessity of verifying the top up?,71
"i don ' t find your services useful anymore, how do i delete my account?",55
is there currency exchange on this app?,33
what are the currency exchange fees?,31
i cannot get virtual card to work,72
what do i do if i forgot my pin?,49
where is my missing cheque i deposited?,6
can i top up from a usa credit card,54
i made a deposit and the balance hasn ' t been updated.,6
what are the policies of disposable cards?,29
do you charge anything for topping up?,56
what is the charge for a physical card?,43
i ' m still waiting for a money transfer to show.,48
what is the process when my card is due to expire?,9
what currencies do you accept?,36
when will money be available in my account?,67
how do i setup my apple pay,2
i am still waiting for a refund,51
what is the estimated wait time for transfers from the us?,67
i tried making an update to my balance using cheque just yesterday but it doesn ' t appear to have worked. should this not be a,6
i cannot get my disposable virtual card to work,72
can you explain why i was charged extra when i used the card?,15
i see a direct debit transaction in the app that is not mine,28
i look but i see no virtual card. why is that?,40
when will my card be activated?,0
i am just waiting on the completion of the transaction.,66
im waiting for my transaction to go through.,66
hello i have a uk account. can you please check if everything is alright with it? i made a transfer a couple hours ago but it,5
how do i exchange usd to gbp?,33
how do i freeze my account?,22
do you know the reason why my card payment was declined?,25
i have no idea why my card payment did not work.,25
i ' m tired of all the problems i ' ve had. i want to quit this account!,55
"card payment was declined, do you know why?",25
i deposited cash into my account and i ' m having trouble seeing it on my account.,6
the app says that i got cash in an atm and i didn ' t,20
my address has changed. how do i report it?,30
how come there is a duplicate charge on my card?,63
show me how can my friends top up my account.,62
why is it i am charged an extra fee when i use the atm?,19
tell me where i can find the auto top up feature and a little bit about it please.,4
why is verification for my identity needed?,74
where can i find information about where my money came from?,70
it seems i ' ve suddenly been charged for my recent atm cash withdrawal. what ' s up with that? i though withdrawals are free,19
how do i link one of your card that i already have?,13
my money is nowhere to be found? i talked up earlier and seen it. now it has vanished. what is going on?,61
how do i know where my money comes from?,70
where do i find my card pin?,38
"my beneficiary is not allowed, please may i have answer as to why this is?",7
what are the charges for topping up us card?,57
i do not have the information to verify my identify.,68
can you tell me why my credit card was declined while trying to top - up?,59
i wanted to know why my transaction didn ' t go through.,27
how long until i see a cash withdrawal?,46
i need to withdraw money. where can i do that?,3
i made a payment that ' s pending. will it go through?,45
you did not give me the correct exchange rate for an item that i bought.,17
i sent some money and the receiver can ' t access it.,66
please inform me how to get a new card as mine is about to expire.,9
"last saturday, i was charged extra for the exchange rate on my payment. is something wrong?",17
what to do if my physical card is not working?,14
my transfer has been declined.,27
how do i go about cancelling a transaction?,8
how many times can i use a virtual card?,29
"hi, one of payment is still coming as pending for which i have already paid by card. i guess it did not processed, could you",45
i need to update my phone number.,30
"i don ' t like the services, please close my account",55
do you ship your cards anywhere?,43
"my phone was stolen, what can i do?",42
"i lost my phone, what should i do?",42
is there a limit on top - ups?,60
a while ago i requested a refund from a seller. i keep checking my statement but i have not been refunded yet. i,51
what is the procedure for depositing a virtual card,37
am i able to use apple pay?,2
how do i get selected for a visa card?,73
i checked my statement and am being charged one pound. where did this charge come from?,34
is there a top - up limit that i have to stay under during a given period of time?,60
"for some reason, i ' m unable to transfer funds.",7
"i locked myself out of my account, how do i unblock my pin?",49
i see a cash withdrawal in the app that i did not do.,20
why did i get charged a fee on my card?,15
can i get a disposable card? how many can i have? how often can i use them?,29
how can i go about getting a disposable virtual card?,37
can i have a second card?,39
do international transfers take longer?? i made a transfer from france 2 days ago but it ' s still not there yet...,5
atm ate my card,18
which cards do you support for top up?,54
how do i change gbp to aud?,33
explain the interbank exchange rate,32
"my funds are low, can i auto top up?",4
"if i need delivery on a certain day, is that something that could be accommodated?",12
how limited is a virtual card?,29
let me know what the steps for the identity checks are,69
when will i receive a us transfer,67
what is a virtual and how do i get one,40
the atm machine ate my card.,18
"so my top - up failed, could you tell me why?",59
i exchanged cash when traveling and the rate was incorrect.,76
"i reside in the us, but i want a card.",24
when will my transfer move out of pending stage?,48
you did not apply the correct exchange rate for an item that i bought.,17
"hi, i don ' t know what ' s going on i ' ve just paid for my top up twice by accident can you help me",61
can you tell me how transferring money into my account works?,65
"in my app, a direct debit payment i didn ' t do shows in my app",28
why is there a charge for my transfer?,64
can i order another card?,39
when will i see the cash i deposited this morning as available?,6
what steps do i do to transfer money using my credit card?,62
how do i find the refund on my statement?,51
"my pin got blocked, help.",49
was i charged more than i should of been for a currency exchange?,17
i can ' t pull my card out of the atm. help me.,18
i need a refund on an item i have not received. am i able to simply cancel the payment? i don ' t know how,52
i cancelled my card payment,53
what is going on? my balance still hasn ' t updated and it has been two weeks since i deposited my money!,6
why isn ' t my money from a check deposit showing?,6
why hasn ' t my top - up finished pending yet?,47
"i may no longer need gbp, but instead i will need aud, how can i go about making this change?",33
the atm keeps rejecting my payment. i tried two different atms but did not work. can you please check if everything is okay with my,26
why was a charged just for transferring?,64
"hi, i was looking over my card receipts for the past week and i realize i had a charge put through two times for the same single",63
some cash is showing up in my app that i did not get.,20
i need to renew a card that ' s about to expire,9
should i add money via bank transfer instead,57
the account transfer i was trying to do failed.,7
i payed my rent to my landlord a few days ago and he is saying the it never went though. everything looks good to me and,66
where is the top - up verification code?,71
i got cash and was charged a fee that shouldn ' t be there!,19
i added money but my top - up wasn ' t processed by the app.,59
"while abroad i got cash, and a wrong exchange rate was applied.",76
i want to use my card. how do i activate it?,0
i need my card soon.,12
i would like to get both mastercard and visa card from you if that ' s possible.,73
i entered my pin in wrong and got it frozen. how many tries do i have,26
do transfers from europe take longer?,67
i noticed the currency exchange rate was incorrect after paying for something in a foreign country.,17
my top up is giving me problems. what is wrong with it?,59
somebody used my card without my knowledge!,22
did my refund go through? it ' s not on my statement.,51
"cancel my transfer, please.",8
please cancel the transaction,8
"phone is gone, dont want others to access account information",42
how do i link the new card that i just got from you guys?,13
can i choose what card i can use,73
i want a refund for my purchase,52
why isn ' t my contactless not working?,23
it didnt work when i tried to pay contactless at the bus today. why?,23
"i tried to get money out of an atm in notting hill earlier, but it didn ' t work. is my card actually working?",26
will i receive a new card when mine expires?,9
i want to use bank transfer for topping up my account. how is it handled?,65
i don ' t need to transfer anymore and i want to cancel it.,8
whats the process of tranfering money into an account?,65
i think my account has been hacked there are charges on there i don ' t recognize.,22
do i have to go to the bank to change my pin?,21
why does a top - up need to be verify?,71
do you charge a fee on currency exchange?,31
what is the next step if my card is about to expire.,9
how long will it take to transfer something to china urgently?,67
i need to find out where the card is that i ordered.,11
there is a direct debit that looks suspicious.,28
somehow i am missing my card. what should i do?,41
am afraid someone may have gained access to the info on my card.,22
is there any limits i should know about if i ' m going to use a disposable virtual card?,29
is it possible to top up with google pay?,2
i have an unknown direct debit payment on my account,28
am i allowed to use any card to make a payment?,73
please help revert my transaction from this morning.,8
what ' s taking so long for this payment to go through?,45
i dont have identification,68
transferring money in 2018 to another country shouldn ' t take this long. my transfer has been pending for too long. i verified my account details,48
how do i get a visa card?,73
why is it necessary to verify the top up?,71
how do i top up my money automatically,4
i did not have the right exchange rate applied to my situation of pulling out cash,76
will i be charged for topping up my account using a bank transfer?,56
the machine gave me the wrong amount of cash.,75
i ' d like to open an account for my kids can i do that?,1
is it possible to get a refund?,52
i made a bank transfer and my account balance did not show it.,5
i want to be sure that everything is okay here. i just made a transfer from a uk account and it is still not showing up.,5
"i transferred money to another country several days ago, but my transaction is still pending. i have checked that the accounts are keyed in correctly",48
i would like to change my pin but i am not currently in the country.,21
"apple pay is not accepting my american express card, can you assist me with this problem?",2
"i need to transfer money into my account, and i don ' t know how to do that.",65
can you tell me why my refund is not showing in my statement?,51
what are all the currencies and cards supported to use this?,54
what is this extra fee while i was doing a transfer?,64
i ' d like to transfer funds using my credit card.,62
i think there has been a mistake on my exchange rate for this purchase.,17
i cannot find my card pin,38
how do i set up auto top - up?,4
"i tried to add a topup to my account but the money isn ' t there, anymore. did i do something wrong?",61
how can i use american express to add funds to my account?,54
i made a cash withdrawal and it is still listed as a pending transaction.,46
"if i lost my phone, how can i stop someone from accessing my account through the app?",42
can i get a card? i live in the us.,24
where can i go to get a virtual card?,40
why am i charged a fee when using my debit or credit card?,15
i need to be made aware when i am being charged an extra amount for payments please. i looked over the app earlier and noticed an additional,15
did you deactivate my card it ' s not working anymore,14
i believe there is a mistake because a payment i didn ' t make shows in my app.,16
how do i avoid a fee to use an atm?,19
can i have money in more than one currency in my account?,36
can i track when my card will be delivered?,11
why was i charged a fee when i paid with card?,15
"hi there, i ' ve tried to make a transfer 5 different times and its not working. is your system down or something?",35
"i want to block my card or deactivate it or something, it ' s been stolen and i don ' t want it misused",41
a fee was charged for my recent withdrawal.,19
can you explain to me why a cash withdrawal shows up as pending?,46
"i know i entered the right info, but my top up isn ' t in my balance",62
i can ' t get the virtual card to work,72
one of my card payments looks like it ' s stuck but i have made the payment days ago. how long until the payment will be applied,45
"stolen phone, what should i do",42
"i ' d like to make a sepa transfer to my account, but will i be charged?",56
i just realized i made the wrong transaction yesterday. would you please make it correct? i need it by tomorrow.,8
explain why a card payment would be cancelled?,53
"i want to start using my card, how do i activate it?",0
how do i know what my pin is?,38
how does it work when i transfer money into my account?,65
"it ' s been over a month and i still haven ' t received my goods! i ordered a pencil for crying out loud, it '",52
i think my card is being used by someone else to make purchases that i didn ' t authorize! i checked my account and see that,16
i lost my phone and need help so someone doesn ' t access my account.,42
how long will it take for me to get my card?,11
i know i ' m getting a new card but would like know when i can expect to receive it.,11
will my pin number be sent with my card?,38
my card is missing.,41
"can i change my pin at atms? if so, what ones?",21
are money transfers free?,64
where are you present globally?,24
is there any cost to change foreign money to local?,31
can you tell me about the exchange fee?,31
where do i find the auto top up option?,4
what does it mean when it says that i have a payment that is pending?,45
i can ' t remember my passcode.,44
are there steps to see where my funds come from?,70
"is my card working? it ' s the first time i tried using it i tried to get money out of an atm, but got nothing",26
please tell me how to get a card if i reside in the us.,24
how long will it take for my transfer to stop pending,48
"since i got married, i need to change my name.",30
i don ' t understanfd how to top up,62
my transfer appeared not to work.,35
the app reverted what i topped up.,61
how do i pay by check?,58
is there anyway to bypass identity verification?,74
the atm i ' m standing in front of only gave me 10 pounds rather than the 30 pounds i wanted. the app shows i took out,75
"if you to to account, hit activate, and follow the instructions, you can activate it in just a few seconds.",0
can i verify my identity i the app,69
"hello, i ' m having trouble with my card, i don ' t understand what ' s happening, i tried using the atm machine earlier",46
the exchange rate i was charged for a purchase was not right.,17
how much can i top up on my card?,60
do yo charge a fee for exchanging foreign currencies?,31
where ' s my virtual card,40
"i put cash in my account, but i don ' t see it.",6
"i just bought an item and would like to stop payment, is this possible? the item has not been received yet.",52
i don ' t recognize a debit payment that was made and would like to find out about the payment.,28
what ' s the card you sent me ' s tracking number?,11
why are there fees for using a card?,15
"i recently purchased something, and the exchange rate was wrong.",17
what are the details of disposable card limitations?,29
how to unblock my pin?,49
i ' m still waiting on my card to be delivered.,11
where did the extra fee on my statement come from?,34
a direct debit payment that i didn ' t authorise shows up in my app.,28
my wallet was just stolen and i see my account already has a withdrawal. can you please help me.,20
how do i cancel my card? there are charges on my account that i didn ' t make.,20
how long does it take for a new card to ship?,11
how come i can see an extra charge for my transfer?,64
in what places can i use my card?,10
"i made a transfer and the receiver said they haven ' t actually received the right amount, but it ' s a bit less. now i",64
after depositing a cheque my balance did not change.,6
i need to get some more physical cards.,39
do you use mastercard or visa?,73
do top - ups have limits?,60
"i am dissatisfied, i would like to close my account.",55
what do i need to verify my identity,69
i recently made a transfer but i need to cancel it as soon as possible. please let me know when this happens.,8
i believe my card payment exchange rate is incorrect.,17
what is the exchange fee?,31
how can i order a card?,43
"show me how to link the new card,",13
why am i charged an extra fee on my card?,15
where in the european union can i get a card?,24
how can i change my old pin to a new one?,21
"if you are waiting for verification, it can take 10 minutes to 60 minutes to get results. you will hear from us once we have it",68
is there a top - up limit?,60
how would my friend be able to send me money?,50
is it possible to change my pin?,21
why is my top - up showing as cancelled?,61
why do i see an extra £1 charge on my statement?,34
verifying top - up cards necessary?,71
my id won ' t be verified!,68
please help me. my disposable virtual card won ' t work right.,72
i am not comfortable verifying my indentity.,74
i ' m expecting to see a cash withdrawal but i ' m still waiting.,46
what currencies can i hold money in?,36
what can i use a virtual disposable card for?,29
i made a transaction this morning and would like to revert it.,8
the exchange rate for my cash withdrawal was incorrect,76
i would like a virtual card - where can i purchase one?,40
i am getting continuous failure for all my transfers. i have cross checked each recipient detail again and again and everything is correct.,27
i made a payment but the app gave the money back.,53
some cash shows up on my app.,20
how do i link to my credit card with you?,13
do eu transfers happen quickly? i purchased something a few days ago and the seller hasn ' t received my money yet.,48
can i have it add money at certain time intervals when i travel?,4
why can ' t i transfer to a beneficiary?,7
why hasn ' t my money transfer shown up yet?,5
what do i have to do to change my name?,30
unsure how to provide my identity.,68
how do i verify a top - up?,71
is there a way to see where my money originally came from?,70
"hey i want to get a refund on something i bought, but not sure how to go about it. can you please just cancel the",52
"i only received $ 20, but i requested $ 100.",75
what is the extra fee that was added when i used the card?,15
"hello i made a bank account transfer from the uk. the transfer was a couple hours ago, nothing has shown up yet. can you check",5
i didn ' t get all the money i asked for,75
transfer has failed.,35
the exchange rate for case abroad is applied wrong.,76
how can i transfer money from an outside bank?,65
"your service is terrible,. delete my account,",55
is there a fee for exchanging currencies?,31
i want to transfer money into my account,65
why was my card payment declined?,25
my transfer failed. help!,35
i put the wrong pin too many times and now it is blocked. can you help me unblock it?,49
how do i know if i need a disposable card?,37
"i am interested in giving a second card to my daughter, how can i make this happen?",39
"hi, i have been overcharged for my payment last saturday. i guess exchange rate was wrong.",17
why are my transfers getting declined? i havent had a problem in the past.,27
i ' m really upset because i made a typo during a transfer and now i ' ve sent money to the wrong account. i can,8
is it possible to exchange usd and gbp on the app?,33
"the expiration date on my card is very soon, and i need to get a new one. what are the price and delivery options for",9
"how long should a transfer normally take to process completely? i have a friend that needs it right away, but it ' s already been 2",66
i need help with some transactions in my account that i dont recognize or remember purchasing. im not sure if the name is just different or,16
is there a reason that my payment didnt go through,25
seems like my top up has been cancelled,61
"i am having trouble doing a transfer. a "" decline "" message appears after making the transfer.",27
"i need to exchange my gbp to aud, how would i do this?",33
what do i do if i ' ve been charged twice for the same transaction?,63
how do i know where i can get money withdrawn?,3
what is the maximum times i can auto top - up?,4
i ' m suddenly getting an error while attempting a transfer that it isn ' t possible. why? i ' ve done it before.,7
why is my card payment still listed as pending?,45
"i am having a slight problem with my american express in apple play, can you help me fix the problem with top up?",2
what should i do if my phone is lost or stolen?,42
are there age requirements,1
how long does it take for an international transfer into my account?,5
i can ' t find the auto - top up option.,4
what are the fees for a physical card?,43
"three months ago i bought a new house for my cat, fluffy. unfortunately fluffy was not a fan of the house and it had to be",51
what is the fee on my statement for?,34
my card has not come in the mail yet.,11
can i change my pin remotely?,21
"how many virtual cards can i have, i want 8",40
what steps can i take if someone else is using my card?,22
why would i be declined if i had money iin my account,26
i don ' t see my card anywhere in the app.,13
i do i top up from my apple watch?,2
can i use a check to top up?,58
i don ' t know what a pending payment is.,45
what atms can i use my card at?,3
what do i do after the atm takes my card.,18
why do i have to verify top up?,71
what currency ' s can i exchange for?,33
you provide support in what countries?,24
is there a maximum for top - ups?,60
"i got a message saying i made a withdrawal from the bank machine, but i did not.",20
i got my new card but i am not sure if it need s activated and how?,0
how long can i expect a transfer to pend for?,48
i am suppose to be getting a refund from something i purchased but it hasn ' t showed up in my account.,51
do you do business in the eu?,24
where is a mastercard atm?,3
i ' m still waiting on my new card to be delivered!,11
unable to use my american express with apple pay to top up my account,2
what countries can i use the card in?,24
i am not sure but someone else might be using my card,22
what should i do since my card is trapped in the atm?,18
need help with google pay top up,2
why did the top - up fail?,59
why was my payment reversed?,53
where do i go to cancel a transaction?,8
can i edit my personal details?,30
how can i receive verification for the source of my funds?,70
is there any way to cancel a transfer?,8
why hasn ' t my card arrived yet?,11
help me please! my card was stolen!,41
how long does it take for the transfer to go through?,66
why does my top up say still pending when i used my card to do it.,47
i don ' t know where this debit transaction on my statement came from.,28
how can i go about resetting my passcode?,44
where ' s the verification code for the top - up card?,71
in a recent withdrawal i received less cash than i expected to receive. did someone make an error with the exchange rate?,76
i lost my wallet and all my cards were in it.,41
one of my card payments has reverted,53
can i send a cheque to do my top ups?,58
i believe my exchange rate is incorrect,76
how much will it cost me for a sepa transfer?,56
is it possible that my card payment was reverted?,53
what is the virtual card and how can i get one?,40
why has my transfer been declined?,27
in what way can i change my pin and where do i need to be?,21
i would like a second card.,39
how do you calculate exchange rates?,32
why does the app revert a payment?,53
how do i top - up using cash?,58
where can i change my pin?,21
my card hasn ' t been working for even small transactions today.,14
"how can i fix my card, it got declined twice.",27
"if i can, i would like to get both mastercard and visa from you.",73
how can you assist me on topping up on bank transfers to my account?,65
what is the solution of this problem,11
"i ' m having a problem with a money transfer. i sent some money to a friend a couple of hours ago, and they haven '",66
how much am i charged to receive money?,56
where can i use this card at an atm?,3
i need help with my card!!!!! please. it keeps getting declined when i try to use it. i have tried a,25
my card payment ' s cancelled,53
what should i do to get transactions off of my account if i didn ' t make them? my card must have been compromised and i need,16
what do you base your exchange rates on?,32
what do i need to do to get my salary through this?,50
do i need to add my salary?,50
"my card is broke, what do i do?",14
why did the funds not transfer to another recipient?,66
"i was wondering, can i get my pay in another currency?",50
is it possible to order a card?,43
can i get payed through this system?,50
my transfer seems to be too expensive.,64
i need some help figuring out what this strange payment is on my account. it ' s stays pending and won ' t go away.,34
can i purchase extra non - virtual cards?,39
"my money has gone missing. i had recently added money in, and saw it was there and went through. now it ' s missing.",61
why is my debit card being declined when i have money?,25
are cards available to those outside of the uk?,24
i am waiting for a payment to go through.,45
when will my deposit be processed?,6
how long will it take to have my card mailed to me?,12
why am i being charged again?,63
can i use my american express to add money to my account?,54
i do not have my pin,38
what different currencies can i get?,33
what are the additional charges for a swift transfer?,56
im going to need to make a transfer from a uk account but i need it to go through asap. is that going to be possible,5
why does my money come from?,70
help! when will the card arrive at my home?,12
top - up is loaded into the card and no update.,47
too many times i entered the incorrect pin. how can i get my account unblocked?,49
how does one send me money?,50
card activation steps,0
"i ' ve been trying to transfer funds to top - up my card, but the transaction is not going through. is there something i '",59
how many times can i use the disposable virtual card i have?,29
"i just transferred my friend money, but she hasn ' t received it yet, and it ' s been a few hours. can you tell",66
my card is about to expire. what do i need to do?,9
"give me my card, i need it now!",12
what do i do if someone used my card without my permission?,22
i need a few more physical cards.,39
i don ' t know how to verify my identity.,69
i need a new pin.,21
why was the exchange rate so wrong when i bought something!,17
when will the transaction go through?,45
how can i transfer money to my account?,65
i just did a money transaction but its not showing they received it,66
can i have my account add money automatically in certain intervals?,4
how much is the charge for a foreign currency exchange?,31
how long is a transfer in the pending status?,48
are you available in my country?,24
my virtual card won ' t work.,72
why has transferring money resulted in a charge?,64
i need information about an extra €1 fee in my statement.,34
what is my foreign exchange rate?,32
"someone has access to my card info. i still have the card, but someone just withdrew cash. how do i get this corrected / stopped",20
"my transfer failed, why did that happen?",35
i tried to make a transfer but it failed,35
card refund is not showing up in my statement.,51
i am trying to make a transfer to a different account but they keep getting declined. i have double checked all the details and the information is,27
why haven ' t i received my new card yet?,11
how long do i have to wait for my bank transfer to appear in my account?,5
i did not make this payment that i see in the app.,16
"hi, please help me to request cash back. as i have been withdrawn money from atm, but i got wrong amount. in application its",75
can you close my account please?,55
"i have a disposable card, how many transactions can i make?",29
why did i get charged when getting cash?,19
i topped up my card but the app rejected it.,59
"i think my card is broken or something. i tried using it and it wouldn ' t go through, please help.",14
i lost my wallet and i think someone is withdrawing cash with my card. please help. it is urgent.,20
there are a couple payments with my card displayed in the app which i didn ' t make. what is happening? maybe someone has access to,16
still waiting on my refund...,51
i have a pending transfer,48
i just got my new card but am not sure how to check its pin.,38
"my account got charged for taking out cash, why did this happen?",19
help my find the verification code on a top - up.,71
where can i located the auto - top up option?,4
what do i need for the identity check?,69
what is the atmosphere of it,10
how can i top up with a cheque?,58
which flat currencies are supported for holding and exchange?,36
will the pin come separately?,38
my atm withdrawal was declined.,26
how long will it take for the card to arrive?,12
i tried to top up with my card but it ' s not working. i had just done this a couple days previously and it worked.,59
how do i link an existing card?,13
someone else made a direct debit transaction on my account,28
is it possible to get one the your cards in the eu?,24
i am upset with your service. please delete my account.,55
is my daughter eligible to open an account?,1
i need my card activated.,0
"i ordered something ages ago online but it ' s simply not arriving. i ' ve got enough! give me back my money, i '",52
can i exchange usd and gbp from the app?,33
my bags were stolen. i need a new card but need to cancel the stolen one.,41
i will not be able to verify my identity.,68
i can ' t use my card for anything,14
can you tell me what countries you offer support for?,24
someone stopped my payment,53
how do i add money to my card?,62
i need to know where do my funds come from,70
how can i reset my passcode?,44
i want a virtual card that is disposable,37
what is the strange cash withdrawal on my statement?,20
i punched in the wrong pin too many times and i ' m locked out.,49
i would like to know where my source of funds came from.,70
why is my atm cash withdrawal showing up as a pending transaction?,46
the atm gave me less cash than i requested,75
i cannot get my card out of the atm.,18
my card no longer works.,14
how can i top up my account and which currency can i use?,54
i can not get the app to know it is me.,68
"you can activate your card in a few seconds by going to account, hitting activate, and just following the directions.",0
why is there an extra fee on a transfer?,64
are you going to charge me to top up my card?,57
why do you charge for payments? why aren ' t your charges clearly laid out in the agreement?,15
can i use check to top up,58
"if i request that my funds be held, what currencies do you use?",36
do you process swift transfers?,56
is there a fee for topping up,57
help me. my transfer was declined. how could this happen?,27
"there ' s a €1 fee on my statement, why?",34
why is there an extra dollar charged to my account?,34
i don ' t have a pin at this point.,38
"i have done a transfer within the country the day before yesterday, but it ' s still not there yet. can you please check what '",66
how much do you charge to accept transfers,56
how do i begin the process of a refund?,52
how do i go about getting a virtual card?,40
"i ' d like to get a refund for something i bought, is that possible?",52
what caused my transfer to fail?,35
why can ' t i see a transfer to my account?,5
is there a limit on how much i can top up?,60
how can i tell where the money came from?,70
what are the steps to activate my card?,0
how long does it take to process cheque deposits?,6
why do you need to check my identity?,74
my cash withdrawal was partly declined,75
what is the charge for exchanging currency?,31
"if i have already completed a cash withdrawal at an atm, is it normal for it to show as a pending transaction on the app?",46
my transfer to a beneficiary did not go through. why?,7
"how long do eu transfers take? i bought something online a couple of days ago, sent the money immediately online but the seller says it is",48
delete this account!,55
can i use a different currency with my salary?,50
i want to order a card. where do you deliver to?,43
is my new bank card on the way and is there a way to track it?,11
i did a payment but the app reverted it,53
where ' s the money that got charged to my card? it ' s not showing up in my account balance,62
how do i change my last name?,30
will you accept my other card?,54
what all am i required to show for the identity check?,69
which kind of documentation do i need for identity check?,69
why verify the top - ups?,71
can i track the card that was just sent to me?,11
a transfer was not allowed to an account.,7
what is the procedure for an expired card?,9
"i know there ' s money in my account, why did my account decline me?",25
do i need to verify my identity?,74
i would like it if i could get an item refunded,52
my purchase used the wrong exchange rate,17
how can i exchange currencies,33
"hi, i am unable to see transaction in my account which i made couples of hours ago from my uk account. please help me in this",5
i have tried 5 times at this point to complete a transfer that ' s simply standard. what appears to be the problem? is your system,35
someone hacked into my cards account.,22
i think my top - up has failed.,59
i ' m due a refund and it is not on my statement.,51
the card payment is declined. please inform me why.,25
why was i charged $ 1 in a transaction?,34
is it acceptable to use either visa or mastercard?,73
"card has been received, how will it show up on the app?",13
will you accept my other card from the u. s.?,54
is it possible to purchase more physical cards with my account?,39
can i edit my details?,30
i can ' t get the card itself to work.,14
can i get a visa from you?,73
i see a charge on my account that i don ' t recall making. i feel like my account may have been compromised.,16
do i really need to verify my identity?,74
i can ' t withdraw money,26
how do i convert currencies with the app?,33
"hi, during online shopping payment is getting declined yesterday and today as well. please check the issue.",27
is there always a charge when withdrawing money?,19
how do i get the card linked,13
will i need to order a new card since mine expires next month?,9
atm is broken. it did not give me the full amount ( 30 pounds. ) i ' m standing here with only 10 pounds and it,75
how do i get a new card,43
i am not seeing recent cash withdrawal on my account.,46
can you unlock my pin? i think i entered the wrong pin too many times.,49
what would the age limit be?,1
do you charge extra for exchanging currencies?,31
i need to verify the source of funds.,70
why did my credit card get declined for top up?,59
i made a deposit of cash and check that has not been added to my balance.,6
someone else accessed my account and made a payment.,16
what ' s going on? i was just recently charged for an atm withdrawal. i ' ve never seen this charge before and before it ',19
where can i get a new passcode?,44
what am i supposed to do if the funds haven ' t show up from a transfer completed this morning?,48
can i get a physical card through this app?,43
seems like my top - up has been cancelled,61
how long do i need to wait til my top up isn ' t pending?,47
"i got my american express in apple pay, why is top up not working?",2
do you know the closest atm?,3
do i have to manually top - up my account each time or will it do it on its own?,4
"i tried to withdraw $ 100, all it gave me was $ 20.",75
is there any way for you to find my card?,41
why can ' t the recepient of my money transaction see it?,66
i got charged a service fee on my account. can it be waived since i didn ' t know about it before?,15
the payment i made with my card is not showing up.,53
can i re - link a lost card with the app?,13
i was charged two times for the same thing.,63
do you know how to change my card pin?,21
what is the charge for exchanging currencies?,31
my account balance has not gone up even though i just transferred money into it,5
i did not ask for the amount of cash that i received.,75
how many days processing new card?,23
i have to transfer something to china as fast as i can. how long will it take to arrive in china?,67
"i don ' t want the item, i bought it on accident, can i get a refund?",52
i need to move money to another beneficiary. why is it not working?,7
is it possible for me to get money out in a different currency?,50
how soon do cards arrive after i order them?,12
is there a reason my top - up has been cancelled?,61
are extra charges added for sending out additional cards?,39
i tried to buy something online yesterday but it kept saying declined. tried again today but same thing happened. what ' s wrong?,27
can i link a card of yours i already have?,13
is there a problem with receiving my salary in gbp?,50
are there top up charges for us cards?,57
how do i retrieve my passcode?,44
